{"cameraMode":{"drawMode":0,"name":"Shaded","section":"Shading Mode"},"sceneLighting":true,"audioPlay":false,"sceneViewState":{"m_AlwaysRefresh":false,"showFog":true,"showSkybox":true,"showFlares":true,"showImageEffects":true,"showParticleSystems":true,"showVisualEffectGraphs":true,"m_FxEnabled":true},"in2DMode":false,"pivot":{"x":-14.50586223602295,"y":11.759193420410157,"z":-4.859078884124756},"rotation":{"x":0.05929068103432655,"y":0.049392543733119968,"z":-0.0029372808057814838,"w":0.9970138669013977},"size":21.214094161987306,"orthographic":true}